Label,# Samples,Average,Median,90% Line,95% Line,99% Line,Min,Max,Error %,App specific
jmeter_login_and_view_dashboard,200,367,356,422,444,530,288,547,0.0,False
jmeter_view_issue,13732,208,179,330,376,434,110,1194,0.0,False
jmeter_search_jql,4446,546,518,696,760,854,358,1276,0.0,False
jmeter_view_dashboard,4033,110,99,160,181,223,60,578,0.0,False
jmeter_view_scrum_board,3231,140,128,221,263,333,64,939,0.0,False
jmeter_view_backlog,2414,480,483,649,739,879,253,1424,0.0,False
jmeter_create_issue:open_quick_create,1617,81,71,125,143,182,50,246,0.0,False
jmeter_create_issue:fill_and_submit_issue_form,1617,190,167,281,312,371,126,883,0.0,False
jmeter_view_kanban_board,2818,142,115,226,263,375,74,683,5.0,False
jmeter_browse_projects,3620,59,53,85,100,130,33,959,0.0,False
jmeter_edit_issue:open_editor,2015,101,88,153,180,229,60,1039,0.0,False
jmeter_edit_issue:save_edit,2015,153,137,219,252,313,97,502,0.0,False
jmeter_view_project_summary,1207,100,90,148,167,210,53,555,0.0,False
jmeter_app_specific_action,1999,605,585,716,766,920,426,2726,0.0,True
jmeter_add_comment:open_comment,801,71,63,106,122,152,39,279,0.0,False
jmeter_add_comment:save_comment,801,246,221,357,390,458,151,685,0.0,False
jmeter_browse_boards,395,71,64,105,119,172,41,220,0.0,False
selenium_login:open_login_page,231,116,112,125,137,156,104,364,0.0,False
selenium_login:login_and_view_dashboard,231,461,455,490,506,555,418,775,0.0,False
selenium_login,231,578,571,609,624,686,529,1139,0.0,False
selenium_browse_projects_list,231,248,245,265,277,298,226,305,0.0,False
selenium_browse_boards_list,231,263,237,261,334,760,224,787,0.0,False
selenium_create_issue:open_quick_create,231,677,676,718,749,786,602,810,0.0,False
selenium_create_issue:fill_and_submit_issue_form:submit_issue_form,231,608,607,616,618,634,593,652,0.0,False
selenium_create_issue:fill_and_submit_issue_form,231,1102,1101,1138,1148,1188,1015,1274,0.0,False
selenium_create_issue,231,1779,1775,1841,1858,1946,1659,1968,0.0,False
selenium_edit_issue:open_edit_issue_form,231,440,412,565,595,621,361,636,0.0,False
selenium_edit_issue:save_edit_issue_form,231,529,519,602,632,685,431,900,0.0,False
selenium_edit_issue,231,1374,1362,1446,1486,1577,1248,1831,0.0,False
selenium_save_comment:open_comment_form,231,310,315,350,361,385,205,434,0.0,False
selenium_save_comment:submit_form,231,940,933,1023,1064,1122,804,1151,0.0,False
selenium_save_comment,231,1413,1399,1511,1568,1875,1214,1950,0.0,False
selenium_search_jql,231,1246,1233,1330,1378,1476,1073,1545,0.0,False
selenium_view_scrum_board_backlog,231,1086,1143,1242,1261,1331,764,1354,0.0,False
selenium_view_scrum_board,231,817,824,867,882,909,379,954,0.0,False
selenium_view_kanban_board,231,849,809,1254,1300,1365,346,1418,0.0,False
selenium_view_dashboard,231,367,363,517,590,637,196,717,0.0,False
selenium_view_issue,231,793,790,869,890,937,613,1066,0.0,False
selenium_project_summary,231,370,371,429,461,517,263,532,0.0,False
selenium_log_out,231,319,314,362,378,407,249,633,0.0,False
