Label,# Samples,Average,Median,90% Line,95% Line,99% Line,Min,Max,Error %,App specific
jmeter_login_and_view_dashboard,200,543,401,733,823,3044,283,6808,0.0,False
jmeter_view_issue,13731,204,198,271,293,353,110,3646,0.0,False
jmeter_search_jql,4446,520,510,603,636,715,364,4871,0.0,False
jmeter_view_dashboard,4033,99,95,123,132,166,60,553,0.0,False
jmeter_create_issue:open_quick_create,1617,83,80,105,114,154,56,455,0.0,False
jmeter_create_issue:fill_and_submit_issue_form,1617,219,246,297,316,352,129,856,0.0,False
jmeter_view_scrum_board,3229,133,125,184,202,240,65,2745,0.0,False
jmeter_view_kanban_board,2816,141,130,207,243,300,76,1259,3.0,False
jmeter_view_backlog,2414,446,450,595,631,756,247,5957,0.0,False
jmeter_browse_projects,3619,52,51,65,70,102,33,283,0.0,False
jmeter_edit_issue:open_editor,2013,96,93,124,135,164,62,383,0.0,False
jmeter_edit_issue:save_edit,2013,158,151,204,247,362,95,727,0.0,False
jmeter_view_project_summary,1207,101,96,127,140,172,57,1146,0.0,False
jmeter_app_specific_action,2000,584,562,690,730,876,425,1234,0.0,True
jmeter_add_comment:open_comment,801,68,66,88,95,118,41,251,0.0,False
jmeter_add_comment:save_comment,801,270,265,362,385,426,154,532,0.0,False
jmeter_browse_boards,395,66,64,84,89,118,42,227,0.0,False
selenium_login:open_login_page,229,126,113,122,126,136,102,2715,0.0,False
selenium_login:login_and_view_dashboard,229,504,494,541,546,577,400,3246,0.0,False
selenium_login,229,630,610,655,670,697,511,5961,0.0,False
selenium_browse_projects_list,229,249,244,258,267,286,227,876,0.0,False
selenium_browse_boards_list,229,277,239,255,327,782,224,3976,0.0,False
selenium_create_issue:open_quick_create,229,686,683,730,749,808,622,1286,0.0,False
selenium_create_issue:fill_and_submit_issue_form:submit_issue_form,229,616,608,617,620,636,595,2129,0.0,False
selenium_create_issue:fill_and_submit_issue_form,229,1113,1105,1145,1163,1191,1038,2709,0.0,False
selenium_create_issue,229,1799,1787,1855,1885,1931,1679,3995,0.0,False
selenium_edit_issue:open_edit_issue_form,229,439,414,526,574,638,365,1272,0.0,False
selenium_edit_issue:save_edit_issue_form,229,533,524,605,636,684,442,937,0.0,False
selenium_edit_issue,229,1390,1378,1469,1499,1588,1260,2370,0.0,False
selenium_save_comment:open_comment_form,229,308,306,353,371,387,213,406,0.0,False
selenium_save_comment:submit_form,229,966,945,1041,1063,1286,793,3713,0.0,False
selenium_save_comment,229,1433,1407,1501,1556,2030,1210,4610,0.0,False
selenium_search_jql,229,1197,1184,1253,1303,1395,1093,2389,0.0,False
selenium_view_scrum_board_backlog,229,1089,1153,1241,1262,1311,764,3775,0.0,False
selenium_view_scrum_board,229,814,789,865,875,896,279,3224,0.0,False
selenium_view_kanban_board,229,876,848,1250,1304,1390,359,1549,0.0,False
selenium_view_dashboard,229,359,354,523,583,660,196,672,0.0,False
selenium_view_issue,229,790,790,853,884,966,614,1911,0.0,False
selenium_project_summary,229,367,354,418,455,570,269,2007,0.0,False
selenium_log_out,229,326,325,370,383,401,267,416,0.0,False
