Label,# Samples,Average,Median,90% Line,95% Line,99% Line,Min,Max,Error %,App specific
jmeter_login_and_view_dashboard,200,374,335,421,474,1125,274,2873,0.0,False
jmeter_view_dashboard,4234,75,67,108,124,166,44,630,0.0,False
jmeter_view_issue,14416,190,159,298,335,422,111,1331,0.0,False
jmeter_view_scrum_board,3391,133,113,239,272,336,66,1090,0.0,False
jmeter_search_jql,4667,529,506,653,711,809,378,2245,0.0,False
jmeter_view_backlog,2534,308,285,404,482,579,220,1248,0.0,False
jmeter_create_issue:open_quick_create,1697,73,64,115,136,165,49,366,0.0,False
jmeter_create_issue:fill_and_submit_issue_form,1697,174,155,266,304,362,124,434,0.0,False
jmeter_view_kanban_board,2957,124,103,190,206,247,75,739,0.0,False
jmeter_browse_projects,3799,52,46,76,87,117,33,323,0.0,False
jmeter_edit_issue:open_editor,2114,93,81,138,158,203,62,874,0.0,False
jmeter_edit_issue:save_edit,2114,218,192,305,355,464,143,1181,0.0,False
jmeter_view_project_summary,1267,89,80,130,145,194,51,292,0.0,False
jmeter_add_comment:open_comment,841,58,55,70,83,118,40,387,0.0,False
jmeter_add_comment:save_comment,841,202,196,233,250,301,156,372,0.0,False
jmeter_browse_boards,414,75,76,104,111,145,41,171,0.0,False
selenium_login:open_login_page,241,115,112,121,128,169,103,377,0.0,False
selenium_login:login_and_view_dashboard,241,852,1055,1156,1175,1479,391,4581,0.0,False
selenium_login,241,968,1170,1272,1291,1587,504,4959,0.0,False
selenium_browse_projects_list,241,226,225,247,258,286,199,315,0.0,False
selenium_browse_boards_list,241,265,232,251,260,755,215,3079,0.0,False
selenium_create_issue:open_quick_create,241,672,672,708,719,743,619,817,0.0,False
selenium_create_issue:fill_and_submit_issue_form:submit_issue_form,241,606,606,613,615,628,594,635,0.0,False
selenium_create_issue:fill_and_submit_issue_form,241,1184,1098,1140,1164,3446,1007,3464,0.0,False
selenium_create_issue,241,1856,1770,1842,1874,4078,1646,4094,0.0,False
selenium_edit_issue:open_edit_issue_form,241,486,457,589,605,639,380,1095,0.0,False
selenium_edit_issue:save_edit_issue_form,241,536,523,608,618,723,441,969,0.0,False
selenium_edit_issue,241,1391,1376,1454,1490,1632,1275,2074,0.0,False
selenium_save_comment:open_comment_form,241,311,305,354,376,409,210,477,0.0,False
selenium_save_comment:submit_form,241,666,642,742,787,1124,551,1670,0.0,False
selenium_save_comment,241,1136,1105,1236,1486,1683,941,2150,0.0,False
selenium_search_jql,241,1033,1063,1130,1148,1272,460,1855,0.0,False
selenium_view_scrum_board_backlog,241,1076,991,1229,1244,1274,755,4170,0.0,False
selenium_view_scrum_board,241,835,807,905,922,979,742,2831,0.0,False
selenium_view_kanban_board,241,659,611,1046,1170,1303,287,1782,0.0,False
selenium_view_dashboard,241,407,401,539,584,678,193,724,0.0,False
selenium_view_issue,241,538,533,598,613,654,400,1650,0.0,False
selenium_project_summary,241,326,300,389,409,467,244,1895,0.0,False
selenium_log_out,241,291,283,329,347,375,243,405,0.0,False
