Label,# Samples,Average,Median,90% Line,95% Line,99% Line,Min,Max,Error %,App specific
jmeter_login_and_view_dashboard,200,482,391,570,721,1982,286,4004,0.0,False
jmeter_view_issue,13732,212,203,255,272,348,112,16296,0.0,False
jmeter_search_jql,4446,525,521,574,595,797,369,3658,0.0,False
jmeter_view_dashboard,4033,101,99,119,129,168,60,664,0.0,False
jmeter_view_scrum_board,3231,135,130,180,192,237,65,901,0.0,False
jmeter_create_issue:open_quick_create,1617,96,92,109,118,178,69,1329,0.0,False
jmeter_create_issue:fill_and_submit_issue_form,1617,220,195,285,298,354,136,3263,0.0,False
jmeter_view_backlog,2414,443,456,576,602,719,194,4926,0.0,False
jmeter_view_kanban_board,2818,146,136,213,231,271,86,1269,2.0,False
jmeter_browse_projects,3621,53,51,61,65,97,33,1094,0.0,False
jmeter_edit_issue:open_editor,2016,97,95,116,124,153,63,967,0.0,False
jmeter_edit_issue:save_edit,2016,165,154,199,251,395,102,1648,0.0,False
jmeter_view_project_summary,1207,107,103,126,137,271,67,1110,0.0,False
jmeter_app_specific_action,1999,611,597,690,730,1024,431,4473,0.0,True
jmeter_add_comment:open_comment,801,69,67,82,89,116,43,823,0.0,False
jmeter_add_comment:save_comment,801,271,258,352,365,461,159,855,0.0,False
jmeter_browse_boards,395,65,64,76,82,107,40,215,0.0,False
selenium_login:open_login_page,227,129,114,122,127,142,105,2969,0.0,False
selenium_login:login_and_view_dashboard,227,499,483,538,552,580,398,3352,0.0,False
selenium_login,227,629,599,656,671,714,514,6322,0.0,False
selenium_browse_projects_list,227,248,244,259,265,329,226,776,0.0,False
selenium_browse_boards_list,227,267,238,249,260,753,220,3334,0.0,False
selenium_create_issue:open_quick_create,227,689,689,728,754,852,627,1551,0.0,False
selenium_create_issue:fill_and_submit_issue_form:submit_issue_form,227,614,609,618,622,646,594,1117,0.0,False
selenium_create_issue:fill_and_submit_issue_form,227,1111,1107,1146,1166,1206,1018,1588,0.0,False
selenium_create_issue,227,1801,1790,1858,1888,2005,1655,3140,0.0,False
selenium_edit_issue:open_edit_issue_form,227,442,416,530,563,630,367,1656,0.0,False
selenium_edit_issue:save_edit_issue_form,227,532,526,605,627,680,454,743,0.0,False
selenium_edit_issue,227,1397,1386,1465,1494,1587,1267,2764,0.0,False
selenium_save_comment:open_comment_form,227,306,302,354,365,391,208,525,0.0,False
selenium_save_comment:submit_form,227,962,948,1021,1041,1147,799,3583,0.0,False
selenium_save_comment,227,1434,1408,1505,1575,1995,1246,4036,0.0,False
selenium_search_jql,227,1268,1253,1310,1337,1859,630,2473,0.0,False
selenium_view_scrum_board_backlog,227,1079,1131,1236,1259,1455,768,3374,0.0,False
selenium_view_scrum_board,227,814,793,859,867,886,277,3237,0.0,False
selenium_view_kanban_board,227,910,918,1257,1299,1341,351,1364,0.0,False
selenium_view_dashboard,227,368,360,532,581,687,197,847,0.0,False
selenium_view_issue,227,780,773,835,854,893,628,1818,0.0,False
selenium_project_summary,227,371,362,427,445,494,274,2207,0.0,False
selenium_log_out,227,341,340,391,405,418,283,427,0.0,False
