Label,# Samples,Average,Median,90% Line,95% Line,99% Line,Min,Max,Error %,App specific
jmeter_login_and_view_dashboard,200,538,328,433,565,5560,282,11522,0.0,False
jmeter_view_issue,14411,197,161,326,358,434,114,1171,0.0,False
jmeter_search_jql,4667,531,497,703,753,839,370,1622,0.0,False
jmeter_view_dashboard,4232,87,77,130,149,191,48,333,0.0,False
jmeter_view_scrum_board,3390,137,122,243,288,352,65,1083,0.0,False
jmeter_view_backlog,2533,367,317,548,592,664,246,1515,0.0,False
jmeter_create_issue:open_quick_create,1697,89,68,150,165,202,49,878,0.0,False
jmeter_view_kanban_board,2956,139,106,228,273,323,76,473,0.0,False
jmeter_create_issue:fill_and_submit_issue_form,1697,202,161,317,350,404,125,1128,0.0,False
jmeter_browse_projects,3798,57,48,91,107,129,33,1068,0.0,False
jmeter_edit_issue:open_editor,2113,103,80,175,195,240,61,1110,0.0,False
jmeter_edit_issue:save_edit,2113,230,197,341,381,459,144,1146,0.0,False
jmeter_view_project_summary,1267,95,81,152,175,244,53,374,0.0,False
jmeter_add_comment:open_comment,840,75,59,119,133,174,40,204,0.0,False
jmeter_add_comment:save_comment,840,248,204,379,416,474,155,1203,0.0,False
jmeter_browse_boards,414,56,52,62,66,97,41,924,0.0,False
selenium_login:open_login_page,231,117,112,126,136,152,103,474,0.0,False
selenium_login:login_and_view_dashboard,231,611,446,1071,1107,1161,403,15271,0.0,False
selenium_login,231,729,561,1188,1224,1284,516,15746,0.0,False
selenium_browse_projects_list,231,237,236,256,266,301,203,340,0.0,False
selenium_browse_boards_list,231,268,234,252,496,779,222,1946,0.0,False
selenium_create_issue:open_quick_create,231,683,682,722,734,773,624,802,0.0,False
selenium_create_issue:fill_and_submit_issue_form:submit_issue_form,231,607,608,614,615,626,592,637,0.0,False
selenium_create_issue:fill_and_submit_issue_form,231,1137,1094,1137,1150,3446,996,3533,0.0,False
selenium_create_issue,231,1820,1782,1843,1864,4097,1642,4199,0.0,False
selenium_edit_issue:open_edit_issue_form,231,483,457,586,596,621,381,821,0.0,False
selenium_edit_issue:save_edit_issue_form,231,539,528,616,632,677,447,719,0.0,False
selenium_edit_issue,231,1400,1391,1485,1518,1566,1268,1801,0.0,False
selenium_save_comment:open_comment_form,231,310,304,350,372,402,195,461,0.0,False
selenium_save_comment:submit_form,231,996,960,1096,1182,1484,829,2788,0.0,False
selenium_save_comment,231,1460,1426,1563,1680,1940,1306,3674,0.0,False
selenium_search_jql,231,1107,1091,1186,1230,1352,1004,2202,0.0,False
selenium_view_scrum_board_backlog,231,1111,1165,1263,1285,1338,765,2782,0.0,False
selenium_view_scrum_board,231,815,806,862,871,909,270,2703,0.0,False
selenium_view_kanban_board,231,665,657,916,1124,1289,302,1325,0.0,False
selenium_view_dashboard,231,404,399,560,605,649,192,702,0.0,False
selenium_view_issue,231,825,814,902,944,1036,667,1613,0.0,False
selenium_project_summary,231,347,337,412,427,535,257,1891,0.0,False
selenium_log_out,231,304,295,349,358,379,256,399,0.0,False
